{
  "hit_at_3": 0.9866666666666667,
  "hit_at_10": 0.9866666666666667,
  "mrr": 0.9747402713773681,
  "ndcg_at_10": 0.9412348783624557,
  "recall_at_100": 0.9903796296296296
}
