{
  "hit_at_3": 0.9866666666666667,
  "hit_at_10": 0.9866666666666667,
  "mrr": 0.979360625161515,
  "ndcg_at_10": 0.9460263283100276,
  "recall_at_100": 0.9876851851851851
}
